{"a1": {"weight": -0.7567945091808034, "bias": -7.621602745409598, "activation": 0.0022199507995396984, "delweight": 2.7280097503777194e-05, "delbias": -1.3640048751888597e-05}, "a2": {"weight": -0.00013645691429650677, "bias": 0.847298163128237, "activation": 0.6999999999586421, "delweight": -4.5906147324743285e-14, "delbias": -2.0678903034365364e-11}, "output": {"weight": -0.07305851694363778, "bias": 0.8984388222447218, "activation": 0.6999999999999985, "delweight": -5.048849599521965e-16, "delbias": -7.212642285457521e-16}}