{"a1": {"weight": 0.5879557547806348, "bias": 4.21283341889225, "activation": 0.9996990724253892, "delweight": 2.962617514561429e-07, "delbias": 4.471532636483908e-08}, "a2": {"weight": 1.7217143974588092, "bias": -5.5742350129903055, "activation": 0.020772556315260326, "delweight": -9.250352858155394e-05, "delbias": -9.253137382345403e-05}, "output": {"weight": -0.08682337438367257, "bias": 0.8490984514243121, "activation": 0.6999993456268806, "delweight": -6.796497251834944e-09, "delbias": -3.271863678541082e-07}}